model,dataset,layer,tensor_type,group_index,lower_threshold,upper_threshold,width,abs_max,baseline_dataset,absmax_abs_diff_from_baseline,absmax_rel_diff_from_baseline,width_abs_diff_from_baseline,width_rel_diff_from_baseline
OPT-350M,wikitext,0,key,0,-0.8600641345301419,0.867935505319149,1.727999639849291,0.867935505319149,wikitext,0.0,0,0.0,0
OPT-350M,wikitext,0,key,1,-0.03427751689937943,0.025662361307347073,0.059939878206726506,0.03427751689937943,wikitext,0.0,0,0.0,0
OPT-350M,wikitext,0,key,2,-0.004306008629765071,-0.004305318737706394,6.898920586768248e-07,0.004306008629765071,wikitext,0.0,0,0.0,0
OPT-350M,wikitext,1,key,0,-5.994736258865248,5.986037234042553,11.980773492907801,5.994736258865248,wikitext,0.0,0,0.0,0
OPT-350M,wikitext,1,key,1,-0.1323103667996454,0.19029982546542554,0.3226101922650709,0.19029982546542554,wikitext,0.0,0,0.0,0
OPT-350M,wikitext,1,key,2,0.029555949758976064,0.0295574648160461,1.5150570700367405e-06,0.0295574648160461,wikitext,0.0,0,0.0,0
OPT-350M,wikitext,2,key,0,-5.432236258865248,5.408577127659575,10.840813386524822,5.432236258865248,wikitext,0.0,0,0.0,0
OPT-350M,wikitext,2,key,1,-0.11994360524711879,0.21837253435283688,0.33831613959995566,0.21837253435283688,wikitext,0.0,0,0.0,0
OPT-350M,wikitext,2,key,2,0.04933491158992686,0.049338158140791226,3.2465508643664265e-06,0.049338158140791226,wikitext,0.0,0,0.0,0
OPT-350M,wikitext,3,key,0,-5.10796210106383,5.004571143617022,10.11253324468085,5.10796210106383,wikitext,0.0,0,0.0,0
OPT-350M,wikitext,3,key,1,-0.12633887757646275,0.1874177540447695,0.31375663162123224,0.1874177540447695,wikitext,0.0,0,0.0,0
OPT-350M,wikitext,3,key,2,0.030676442680629433,0.030677741300975177,1.298620345743795e-06,0.030677741300975177,wikitext,0.0,0,0.0,0
OPT-350M,wikitext,4,key,0,-5.311502659574468,5.192181959219858,10.503684618794326,5.311502659574468,wikitext,0.0,0,0.0,0
OPT-350M,wikitext,4,key,1,-0.16553773271276595,0.1186687929410461,0.28420652565381205,0.16553773271276595,wikitext,0.0,0,0.0,0
OPT-350M,wikitext,4,key,2,-0.023468504560754656,-0.023466286084330674,2.2184764239818744e-06,0.023468504560754656,wikitext,0.0,0,0.0,0
OPT-350M,wikitext,5,key,0,-5.232130984042553,5.185533023049645,10.417664007092199,5.232130984042553,wikitext,0.0,0,0.0,0
OPT-350M,wikitext,5,key,1,-0.10460127160904255,0.14478404809397163,0.2493853197030142,0.14478404809397163,wikitext,0.0,0,0.0,0
OPT-350M,wikitext,5,key,2,0.020217056815505872,0.02021922118274878,2.164367242908638e-06,0.02021922118274878,wikitext,0.0,0,0.0,0
OPT-350M,wikitext,6,key,0,-6.4283577127659575,6.214206560283688,12.642564273049645,6.4283577127659575,wikitext,0.0,0,0.0,0
OPT-350M,wikitext,6,key,1,-0.19822920129654256,0.1566040904809397,0.35483329177748224,0.19822920129654256,wikitext,0.0,0,0.0,0
OPT-350M,wikitext,6,key,2,-0.020697086415392286,-0.02069470561142509,2.380803967198114e-06,0.020697086415392286,wikitext,0.0,0,0.0,0
OPT-350M,wikitext,7,key,0,-5.972046764184397,5.8125,11.784546764184398,5.972046764184397,wikitext,0.0,0,0.0,0
OPT-350M,wikitext,7,key,1,-0.18958212128767732,0.1702127659574468,0.3597948872451241,0.18958212128767732,wikitext,0.0,0,0.0,0
OPT-350M,wikitext,7,key,2,-0.0097496767416068,-0.009746866868742814,2.8098728639871368e-06,0.0097496767416068,wikitext,0.0,0,0.0,0
OPT-350M,wikitext,8,key,0,-5.626108156028369,5.666694370567376,11.292802526595745,5.666694370567376,wikitext,0.0,0,0.0,0
OPT-350M,wikitext,8,key,1,-0.19948713153812056,0.19951137245124115,0.3989985039893617,0.19951137245124115,wikitext,0.0,0,0.0,0
OPT-350M,wikitext,8,key,2,-0.0001039568414079382,-0.00010088952720587981,3.06731420205839e-06,0.0001039568414079382,wikitext,0.0,0,0.0,0
OPT-350M,wikitext,9,key,0,-5.47905585106383,5.247645168439717,10.726701019503547,5.47905585106383,wikitext,0.0,0,0.0,0
OPT-350M,wikitext,9,key,1,-0.16570135887632978,0.13430851063829788,0.30000986951462766,0.16570135887632978,wikitext,0.0,0,0.0,0
OPT-350M,wikitext,9,key,2,-0.01567329244410738,-0.0156707763671875,2.516076919881205e-06,0.01567329244410738,wikitext,0.0,0,0.0,0
OPT-350M,wikitext,10,key,0,-3.97211602393617,4.011594082446808,7.983710106382978,4.011594082446808,wikitext,0.0,0,0.0,0
OPT-350M,wikitext,10,key,1,-0.11952847960992907,0.1443598321143617,0.2638883117242908,0.1443598321143617,wikitext,0.0,0,0.0,0
OPT-350M,wikitext,10,key,2,0.012416555526408744,0.012419325240114902,2.7697137061580973e-06,0.012419325240114902,wikitext,0.0,0,0.0,0
OPT-350M,wikitext,11,key,0,-3.8267952127659575,3.849997229609929,7.676792442375886,3.849997229609929,wikitext,0.0,0,0.0,0
OPT-350M,wikitext,11,key,1,-0.07298787434895833,0.17141009391622342,0.24439796826518173,0.17141009391622342,wikitext,0.0,0,0.0,0
OPT-350M,wikitext,11,key,2,0.049147260949966756,0.0491485595703125,1.298620345743795e-06,0.0491485595703125,wikitext,0.0,0,0.0,0
OPT-350M,wikitext,12,key,0,-3.539311835106383,3.4845966312056738,7.023908466312056,3.539311835106383,wikitext,0.0,0,0.0,0
OPT-350M,wikitext,12,key,1,-0.09102159865359043,0.14410963126108156,0.235131229914672,0.14410963126108156,wikitext,0.0,0,0.0,0
OPT-350M,wikitext,12,key,2,0.026613384273880762,0.026615223986037235,1.8397121564726893e-06,0.026615223986037235,wikitext,0.0,0,0.0,0
OPT-350M,wikitext,13,key,0,-3.59233710106383,3.6529947916666665,7.245331892730496,3.6529947916666665,wikitext,0.0,0,0.0,0
OPT-350M,wikitext,13,key,1,-0.11477769351174645,0.1330401914339539,0.24781788494570034,0.1330401914339539,wikitext,0.0,0,0.0,0
OPT-350M,wikitext,13,key,2,0.009170665808603273,0.009173039848922837,2.374040319564827e-06,0.009173039848922837,wikitext,0.0,0,0.0,0
OPT-350M,wikitext,14,key,0,-3.22406914893617,3.250817265070922,6.474886414007092,3.250817265070922,wikitext,0.0,0,0.0,0
OPT-350M,wikitext,14,key,1,-0.135723573941711,0.08473930629432624,0.22046288023603725,0.135723573941711,wikitext,0.0,0,0.0,0
OPT-350M,wikitext,14,key,2,-0.025551545704510195,-0.02554905668218085,2.4890223293445868e-06,0.025551545704510195,wikitext,0.0,0,0.0,0
OPT-350M,wikitext,15,key,0,-3.2588929521276597,3.356424534574468,6.615317486702128,3.356424534574468,wikitext,0.0,0,0.0,0
OPT-350M,wikitext,15,key,1,-0.09751037164782801,0.1293992928579344,0.2269096645057624,0.1293992928579344,wikitext,0.0,0,0.0,0
OPT-350M,wikitext,15,key,2,0.015921305257377893,0.015923314060725217,2.008803347323951e-06,0.015923314060725217,wikitext,0.0,0,0.0,0
OPT-350M,wikitext,16,key,0,-3.3433482934397163,3.2406083776595747,6.5839566710992905,3.3433482934397163,wikitext,0.0,0,0.0,0
OPT-350M,wikitext,16,key,1,-0.13503400653812056,0.08752398118905141,0.22255798772717197,0.13503400653812056,wikitext,0.0,0,0.0,0
OPT-350M,wikitext,16,key,2,-0.023777522093860817,-0.02377535772661791,2.164367242908638e-06,0.023777522093860817,wikitext,0.0,0,0.0,0
OPT-350M,wikitext,17,key,0,-3.3995872118794326,3.3250221631205674,6.724609375,3.3995872118794326,wikitext,0.0,0,0.0,0
OPT-350M,wikitext,17,key,1,-0.1340513838098404,0.09226957280585106,0.22632095661569146,0.1340513838098404,wikitext,0.0,0,0.0,0
OPT-350M,wikitext,17,key,2,-0.020838726919593542,-0.020836991198519443,1.7357210740989726e-06,0.020838726919593542,wikitext,0.0,0,0.0,0
OPT-350M,wikitext,18,key,0,-3.4018312278368796,3.3770085328014185,6.778839760638299,3.4018312278368796,wikitext,0.0,0,0.0,0
OPT-350M,wikitext,18,key,1,-0.12164696226728723,0.10648037524933511,0.22812733751662234,0.12164696226728723,wikitext,0.0,0,0.0,0
OPT-350M,wikitext,18,key,2,-0.007467721370940513,-0.0074661158500833715,1.6055208571412807e-06,0.007467721370940513,wikitext,0.0,0,0.0,0
OPT-350M,wikitext,19,key,0,-3.7321171320921986,3.852836879432624,7.584954011524823,3.852836879432624,wikitext,0.0,0,0.0,0
OPT-350M,wikitext,19,key,1,-0.0930318629488032,0.15806763561059398,0.25109949855939717,0.15806763561059398,wikitext,0.0,0,0.0,0
OPT-350M,wikitext,19,key,2,0.03252642881785724,0.03252868449434321,2.2556764859640865e-06,0.03252868449434321,wikitext,0.0,0,0.0,0
OPT-350M,wikitext,20,key,0,-4.7382535460992905,4.780862145390071,9.519115691489361,4.780862145390071,wikitext,0.0,0,0.0,0
OPT-350M,wikitext,20,key,1,-0.18782205784574468,0.15386876315935283,0.3416908210050975,0.18782205784574468,wikitext,0.0,0,0.0,0
OPT-350M,wikitext,20,key,2,-0.017298739007178772,-0.01729659493087877,2.1440763000035723e-06,0.017298739007178772,wikitext,0.0,0,0.0,0
OPT-350M,wikitext,21,key,0,-4.6180463209219855,4.774545656028369,9.392591976950355,4.774545656028369,wikitext,0.0,0,0.0,0
OPT-350M,wikitext,21,key,1,-0.11886704898049645,0.20308950437721632,0.3219565533577128,0.20308950437721632,wikitext,0.0,0,0.0,0
OPT-350M,wikitext,21,key,2,0.04220067017467309,0.042202780432734927,2.1102580618354017e-06,0.042202780432734927,wikitext,0.0,0,0.0,0
OPT-350M,wikitext,22,key,0,-4.812998670212766,4.852338209219858,9.665336879432623,4.852338209219858,wikitext,0.0,0,0.0,0
OPT-350M,wikitext,22,key,1,-0.20421237810283688,0.24308787677304963,0.44730025487588654,0.24308787677304963,wikitext,0.0,0,0.0,0
OPT-350M,wikitext,22,key,2,0.019428063791694372,0.019430782778043273,2.718986348900637e-06,0.019430782778043273,wikitext,0.0,0,0.0,0
OPT-350M,wikitext,23,key,0,-3.598612034574468,3.6378823138297873,7.236494348404255,3.6378823138297873,wikitext,0.0,0,0.0,0
OPT-350M,wikitext,23,key,1,-0.09533388394835993,0.17120924063608156,0.2665431245844415,0.17120924063608156,wikitext,0.0,0,0.0,0
OPT-350M,wikitext,23,key,2,0.03785781319259752,0.037859165922124335,1.3527295268170314e-06,0.037859165922124335,wikitext,0.0,0,0.0,0
OPT-350M,wikitext,0,value,0,-0.047334711602393616,0.04840131177969858,0.0957360233820922,0.04840131177969858,wikitext,0.0,0,0.0,0
OPT-350M,wikitext,0,value,1,-0.0010147466727182374,0.0015566467393374611,0.0025713934120556985,0.0015566467393374611,wikitext,0.0,0,0.0,0
OPT-350M,wikitext,0,value,2,0.00027352782851415325,0.00027355065582491825,2.2827310765000542e-08,0.00027355065582491825,wikitext,0.0,0,0.0,0
OPT-350M,wikitext,1,value,0,-1.354035073138298,1.3337004100177305,2.6877354831560285,1.354035073138298,wikitext,0.0,0,0.0,0
OPT-350M,wikitext,1,value,1,-0.031468384654809396,0.031249458908189275,0.06271784356299867,0.031468384654809396,wikitext,0.0,0,0.0,0
OPT-350M,wikitext,1,value,2,6.072656482669479e-05,6.111167001386061e-05,3.8510518716582554e-07,6.111167001386061e-05,wikitext,0.0,0,0.0,0
OPT-350M,wikitext,2,value,0,-1.4511233931737588,1.46466367464539,2.915787067819149,1.46466367464539,wikitext,0.0,0,0.0,0
OPT-350M,wikitext,2,value,1,-0.038290470204454786,0.03328894216118129,0.07157941236563609,0.038290470204454786,wikitext,0.0,0,0.0,0
OPT-350M,wikitext,2,value,2,-0.0024926476444758422,-0.0024920262343494605,6.21410126381769e-07,0.0024926476444758422,wikitext,0.0,0,0.0,0
OPT-350M,wikitext,3,value,0,-1.5134363918439717,1.4952418550531914,3.008678246897163,1.5134363918439717,wikitext,0.0,0,0.0,0
OPT-350M,wikitext,3,value,1,-0.03671654234541223,0.041255004017065604,0.07797154636247783,0.041255004017065604,wikitext,0.0,0,0.0,0
OPT-350M,wikitext,3,value,2,0.002326770454433793,0.002327292100757572,5.216463237790736e-07,0.002327292100757572,wikitext,0.0,0,0.0,0
OPT-350M,wikitext,4,value,0,-1.5176889406028369,1.5065519725177305,3.0242409131205674,1.5176889406028369,wikitext,0.0,0,0.0,0
OPT-350M,wikitext,4,value,1,-0.039069425975177305,0.04496472947140957,0.08403415544658688,0.04496472947140957,wikitext,0.0,0,0.0,0
OPT-350M,wikitext,4,value,2,0.002877270499019758,0.0028778711954752603,6.006964555021164e-07,0.0028778711954752603,wikitext,0.0,0,0.0,0
OPT-350M,wikitext,5,value,0,-1.523776872783688,1.5453443594858156,3.0691212322695036,1.5453443594858156,wikitext,0.0,0,0.0,0
OPT-350M,wikitext,5,value,1,-0.043815234028701244,0.050021989971187945,0.0938372239998892,0.050021989971187945,wikitext,0.0,0,0.0,0
OPT-350M,wikitext,5,value,2,0.0030437280945744077,0.0030445384641065664,8.10369532158739e-07,0.0030445384641065664,wikitext,0.0,0,0.0,0
OPT-350M,wikitext,6,value,0,-1.4025446032801419,1.4068110039893618,2.8093556072695036,1.4068110039893618,wikitext,0.0,0,0.0,0
OPT-350M,wikitext,6,value,1,-0.04294710632757092,0.04074378047429078,0.08369088680186171,0.04294710632757092,wikitext,0.0,0,0.0,0
OPT-350M,wikitext,6,value,2,-0.0011292518453395112,-0.0011285585714570173,6.932738824939021e-07,0.0011292518453395112,wikitext,0.0,0,0.0,0
OPT-350M,wikitext,7,value,0,-1.3496370789007093,1.377521054964539,2.727158133865248,1.377521054964539,wikitext,0.0,0,0.0,0
OPT-350M,wikitext,7,value,1,-0.03837661202072252,0.04694967066988032,0.08532628269060283,0.04694967066988032,wikitext,0.0,0,0.0,0
OPT-350M,wikitext,7,value,2,0.0042333941087655145,0.0042340907644718255,6.966557063109793e-07,0.0042340907644718255,wikitext,0.0,0,0.0,0
OPT-350M,wikitext,8,value,0,-1.3611826795212767,1.3407372007978724,2.7019198803191493,1.3611826795212767,wikitext,0.0,0,0.0,0
OPT-350M,wikitext,8,value,1,-0.045395438552748225,0.04080308413674645,0.08619852268949468,0.045395438552748225,wikitext,0.0,0,0.0,0
OPT-350M,wikitext,8,value,2,-0.002245349664214655,-0.002244749813215107,5.998509995477387e-07,0.002245349664214655,wikitext,0.0,0,0.0,0
OPT-350M,wikitext,9,value,0,-1.5029781693262412,1.4958374889184398,2.998815658244681,1.5029781693262412,wikitext,0.0,0,0.0,0
OPT-350M,wikitext,9,value,1,-0.044595921293218085,0.05038560366799645,0.09498152496121454,0.05038560366799645,wikitext,0.0,0,0.0,0
OPT-350M,wikitext,9,value,2,0.002878074950360237,0.002878793587921359,7.186375611217648e-07,0.002878793587921359,wikitext,0.0,0,0.0,0
OPT-350M,wikitext,10,value,0,-1.655820589539007,1.6617353723404256,3.3175559618794326,1.6617353723404256,wikitext,0.0,0,0.0,0
OPT-350M,wikitext,10,value,1,-0.05291726403202571,0.05251469172484486,0.10543195575687056,0.05291726403202571,wikitext,0.0,0,0.0,0
OPT-350M,wikitext,10,value,2,-0.0002058173747772866,-0.00020505139168272628,7.659830945603316e-07,0.0002058173747772866,wikitext,0.0,0,0.0,0
OPT-350M,wikitext,11,value,0,-1.6186696586879432,1.6388173204787233,3.2574869791666665,1.6388173204787233,wikitext,0.0,0,0.0,0
OPT-350M,wikitext,11,value,1,-0.04730830632203014,0.06334064023714539,0.11064894655917554,0.06334064023714539,wikitext,0.0,0,0.0,0
OPT-350M,wikitext,11,value,2,0.0077734906622704035,0.007774194081624349,7.034193539451339e-07,0.007774194081624349,wikitext,0.0,0,0.0,0
OPT-350M,wikitext,12,value,0,-1.831664173315603,1.8462572030141844,3.6779213763297873,1.8462572030141844,wikitext,0.0,0,0.0,0
OPT-350M,wikitext,12,value,1,-0.06098364430961879,0.0632698654283023,0.1242535097379211,0.0632698654283023,wikitext,0.0,0,0.0,0
OPT-350M,wikitext,12,value,2,0.00111787200819516,0.0011188379416229033,9.659334277432093e-07,0.0011188379416229033,wikitext,0.0,0,0.0,0
OPT-350M,wikitext,13,value,0,-1.7362103834219857,1.7410793439716312,3.477289727393617,1.7410793439716312,wikitext,0.0,0,0.0,0
OPT-350M,wikitext,13,value,1,-0.04995684251717642,0.0653054528202571,0.11526229533743351,0.0653054528202571,wikitext,0.0,0,0.0,0
OPT-350M,wikitext,13,value,2,0.007376467505245344,0.007377022969807293,5.55464561948979e-07,0.007377022969807293,wikitext,0.0,0,0.0,0
OPT-350M,wikitext,14,value,0,-1.8334510749113475,1.846111757535461,3.6795628324468086,1.846111757535461,wikitext,0.0,0,0.0,0
OPT-350M,wikitext,14,value,1,-0.057932102933843085,0.06525220938608156,0.12318431231992465,0.06525220938608156,wikitext,0.0,0,0.0,0
OPT-350M,wikitext,14,value,2,0.0034788559514580043,0.0034797889121035313,9.329606455270312e-07,0.0034797889121035313,wikitext,0.0,0,0.0,0
OPT-350M,wikitext,15,value,0,-1.7984541223404256,1.7796500997340425,3.578104222074468,1.7984541223404256,wikitext,0.0,0,0.0,0
OPT-350M,wikitext,15,value,1,-0.060273515417220744,0.05755463728667996,0.11782815270390071,0.060273515417220744,wikitext,0.0,0,0.0,0
OPT-350M,wikitext,15,value,2,-0.001286726048652162,-0.0012858197198691943,9.063287829676019e-07,0.001286726048652162,wikitext,0.0,0,0.0,0
OPT-350M,wikitext,16,value,0,-1.8256870567375887,1.7849207668439717,3.61060782358156,1.8256870567375887,wikitext,0.0,0,0.0,0
OPT-350M,wikitext,16,value,1,-0.06836738315879876,0.051695478723404256,0.12006286188220301,0.06836738315879876,wikitext,0.0,0,0.0,0
OPT-350M,wikitext,16,value,2,-0.007981179031074469,-0.007980168711209127,1.0103198653417522e-06,0.007981179031074469,wikitext,0.0,0,0.0,0
OPT-350M,wikitext,17,value,0,-1.7827875664893618,1.7962932180851063,3.579080784574468,1.7962932180851063,wikitext,0.0,0,0.0,0
OPT-350M,wikitext,17,value,1,-0.05628545233543883,0.06145287912788121,0.11773833146332004,0.06145287912788121,wikitext,0.0,0,0.0,0
OPT-350M,wikitext,17,value,2,0.002522481248733845,0.0025232611818516507,7.799331178054772e-07,0.0025232611818516507,wikitext,0.0,0,0.0,0
OPT-350M,wikitext,18,value,0,-1.757542386968085,1.7505540780141844,3.5080964649822697,1.757542386968085,wikitext,0.0,0,0.0,0
OPT-350M,wikitext,18,value,1,-0.06429555906471632,0.05366765015514184,0.11796320921985816,0.06429555906471632,wikitext,0.0,0,0.0,0
OPT-350M,wikitext,18,value,2,-0.005175535983227669,-0.005174468595085415,1.0673881422540096e-06,0.005175535983227669,wikitext,0.0,0,0.0,0
OPT-350M,wikitext,19,value,0,-1.6654892508865249,1.6359707446808511,3.301459995567376,1.6654892508865249,wikitext,0.0,0,0.0,0
OPT-350M,wikitext,19,value,1,-0.06353629903590426,0.04510714483599291,0.10864344387189717,0.06353629903590426,wikitext,0.0,0,0.0,0
OPT-350M,wikitext,19,value,2,-0.009043008723157518,-0.009042058430664928,9.502924925904738e-07,0.009043008723157518,wikitext,0.0,0,0.0,0
OPT-350M,wikitext,20,value,0,-1.5285350177304964,1.5476368572695036,3.076171875,1.5476368572695036,wikitext,0.0,0,0.0,0
OPT-350M,wikitext,20,value,1,-0.04232225350454344,0.055003497617464536,0.09732575112200798,0.055003497617464536,wikitext,0.0,0,0.0,0
OPT-350M,wikitext,20,value,2,0.0061780784992461505,0.0061789708780058735,8.923787597229713e-07,0.0061789708780058735,wikitext,0.0,0,0.0,0
OPT-350M,wikitext,21,value,0,-1.5313469636524824,1.5604706892730495,3.091817652925532,1.5604706892730495,wikitext,0.0,0,0.0,0
OPT-350M,wikitext,21,value,1,-0.03976537826213431,0.0600845661569149,0.09984994441904921,0.0600845661569149,wikitext,0.0,0,0.0,0
OPT-350M,wikitext,21,value,2,0.010026703489587662,0.010027395072558247,6.915829705855803e-07,0.010027395072558247,wikitext,0.0,0,0.0,0
OPT-350M,wikitext,22,value,0,-1.3978834219858156,1.4188968306737588,2.8167802526595747,1.4188968306737588,wikitext,0.0,0,0.0,0
OPT-350M,wikitext,22,value,1,-0.039347980039339536,0.054021957072805854,0.09336993711214539,0.054021957072805854,wikitext,0.0,0,0.0,0
OPT-350M,wikitext,22,value,2,0.0071751986835019805,0.007175846725490922,6.48041988941632e-07,0.007175846725490922,wikitext,0.0,0,0.0,0
OPT-350M,wikitext,23,value,0,-1.5614472517730495,1.5499916888297873,3.111438940602837,1.5614472517730495,wikitext,0.0,0,0.0,0
OPT-350M,wikitext,23,value,1,-0.05323261233931738,0.04960664789727394,0.10283926023659132,0.05323261233931738,wikitext,0.0,0,0.0,0
OPT-350M,wikitext,23,value,2,-0.0017736719009724068,-0.0017727165357440922,9.553652283145718e-07,0.0017736719009724068,wikitext,0.0,0,0.0,0
OPT-350M,winogrande,0,key,0,-1.0291745156496646,1.023013963225138,2.0521884788748026,1.0291745156496646,wikitext,0.16123901033051558,0.1857730319,0.32418883902551165,0.1876093209
OPT-350M,winogrande,0,key,1,-0.12841647538785023,0.12520911887393943,0.25362559426178966,0.12841647538785023,wikitext,0.09413895848847079,2.746376255,0.19368571605506316,3.23133316
OPT-350M,winogrande,0,key,2,-0.0020036651990313933,-0.0017770453523065315,0.00022661984672486184,0.0020036651990313933,wikitext,-0.0023023434307336776,-0.5346815645,0.000225929954666185,327.4859477
OPT-350M,winogrande,1,key,0,-4.736653388910813,4.686849472178374,9.423502861089187,4.736653388910813,wikitext,-1.2580828699544346,-0.2098645905,-2.5572706318186142,-0.2134478741
OPT-350M,winogrande,1,key,1,-0.12072158970038724,0.1886345216770669,0.3093561113774541,0.1886345216770669,wikitext,-0.0016653037883586352,-0.008750947534,-0.013254080887616815,-0.04108388763
OPT-350M,winogrande,1,key,2,0.03572599776824253,0.03597353759861971,0.0002475398303771817,0.03597353759861971,wikitext,0.0064160727825736084,0.2170711467,0.00024602477330714495,162.3864725
OPT-350M,winogrande,2,key,0,-4.74870048589187,4.6106914709944755,9.359391956886345,4.74870048589187,wikitext,-0.6835357729733778,-0.1258295369,-1.481421429638477,-0.1366522397
OPT-350M,winogrande,2,key,1,-0.009872898871068797,0.3389821282125592,0.348855027083628,0.3389821282125592,wikitext,0.12060959385972231,0.5523111879,0.010538887483672321,0.03115100419
OPT-350M,winogrande,2,key,2,0.1623149531604553,0.16259548846623423,0.0002805353057789284,0.16259548846623423,wikitext,0.113257330325443,2.295532192,0.00027728875491456195,85.41026046
OPT-350M,winogrande,3,key,0,-4.272150318172849,4.285764385605762,8.55791470377861,4.285764385605762,wikitext,-0.822197715458068,-0.160963942,-1.55461854090224,-0.1537318596
OPT-350M,winogrande,3,key,1,-0.10865999265458515,0.1887826053947563,0.2974425980493415,0.1887826053947563,wikitext,0.0013648513499867898,0.00728240159,-0.016314033571890763,-0.05199582073
OPT-350M,winogrande,3,key,2,0.04010299179811786,0.04033762202454818,0.0002346302264303185,0.04033762202454818,wikitext,0.009659880723573003,0.3148823973,0.0002333316060845747,179.6765366
OPT-350M,winogrande,4,key,0,-4.2554763035221,3.8572307246448303,8.11270702816693,4.2554763035221,wikitext,-1.0560263560523682,-0.1988187569,-2.3909775906273953,-0.2276322717
OPT-350M,winogrande,4,key,1,-0.12727234320275504,0.09142499169497953,0.21869733489773457,0.12727234320275504,wikitext,-0.038265389510010905,-0.2311581105,-0.06550919075607747,-0.2304985454
OPT-350M,winogrande,4,key,2,-0.018723250917308237,-0.018547836729364314,0.00017541418794392305,0.018723250917308237,wikitext,-0.004745253643446419,-0.2021966773,0.00017319571151994118,78.06966513
OPT-350M,winogrande,5,key,0,-3.612001775848461,3.9199411441890293,7.5319429200374906,3.9199411441890293,wikitext,-1.3121898398535237,-0.2507945317,-2.8857210870547085,-0.2770027028
OPT-350M,winogrande,5,key,1,-0.05502351852693987,0.13654395436901884,0.1915674728959587,0.13654395436901884,wikitext,-0.008240093724952796,-0.05691299445,-0.057817846807055484,-0.2318414206
OPT-350M,winogrande,5,key,2,0.042122808515131706,0.042271012665252565,0.0001482041501208592,0.042271012665252565,wikitext,0.022051791482503785,1.090635059,0.00014603978287795055,67.47458564
OPT-350M,winogrande,6,key,0,-4.678976852308603,4.578198993685872,9.257175845994475,4.678976852308603,wikitext,-1.7493808604573546,-0.2721349587,-3.3853884270551706,-0.2677770391
OPT-350M,winogrande,6,key,1,-0.09861274845692335,0.1258147013121547,0.22442744976907802,0.1258147013121547,wikitext,-0.07241449998438787,-0.3653069251,-0.13040584200840422,-0.3675129844
OPT-350M,winogrande,6,key,2,0.014668474257603911,0.014834702438318362,0.00016622818071445125,0.014834702438318362,wikitext,-0.005862383977073924,-0.2832468232,0.00016384737674725314,68.82018806
OPT-350M,winogrande,7,key,0,-4.747376307221784,4.961443123520127,9.708819430741912,4.961443123520127,wikitext,-1.0106036406642707,-0.1692223254,-2.0757273334424866,-0.176139768
OPT-350M,winogrande,7,key,1,-0.15073241224040548,0.07692200044242058,0.22765441268282605,0.15073241224040548,wikitext,-0.038849709047271835,-0.2049228523,-0.13214047456229805,-0.3672661265
OPT-350M,winogrande,7,key,2,-0.03790787212850545,-0.03773777035153938,0.0001701017769660737,0.03790787212850545,wikitext,0.02815819538689865,2.888115794,0.00016729190410208657,59.53717915
OPT-350M,winogrande,8,key,0,-4.6330961424625094,4.620640538674033,9.253736681136543,4.6330961424625094,wikitext,-1.0335982281048661,-0.1823987956,-2.039065845459202,-0.1805633137
OPT-350M,winogrande,8,key,1,-0.1191977340589853,0.1268738804601174,0.2460716145191027,0.1268738804601174,wikitext,-0.07263749199112374,-0.3640769501,-0.152926889470259,-0.3832768493
OPT-350M,winogrande,8,key,2,0.004657752512003742,0.0048570621644029865,0.00019930965239924481,0.0048570621644029865,wikitext,0.004753105322995049,45.72190977,0.0001962423381971864,63.97855755
OPT-350M,winogrande,9,key,0,-5.059705196823204,4.410675747336227,9.47038094415943,5.059705196823204,wikitext,-0.4193506542406258,-0.07653702858,-1.2563200753441173,-0.1171208252
OPT-350M,winogrande,9,key,1,-0.1379158965414118,0.09207090695448156,0.22998680349589334,0.1379158965414118,wikitext,-0.027785462334917993,-0.1676839739,-0.07002306601873431,-0.2334025415
OPT-350M,winogrande,9,key,2,-0.024238082679501647,-0.02405552216750388,0.00018256051199776538,0.024238082679501647,wikitext,0.008564790235394266,0.5464576295,0.00018004443507788417,71.55760369
OPT-350M,winogrande,10,key,0,-3.4902813918212314,3.6807711991910024,7.171052591012234,3.6807711991910024,wikitext,-0.3308228832558058,-0.08246668941,-0.812657515370744,-0.1017894568
OPT-350M,winogrande,10,key,1,-0.0954929824503934,0.1184044456331393,0.21389742808353268,0.1184044456331393,wikitext,-0.025955386481222406,-0.1797964579,-0.0499908836407581,-0.1894395523
OPT-350M,winogrande,10,key,2,0.011195928234704009,0.011354553059696116,0.00015862482499210719,0.011354553059696116,wikitext,-0.001064772180418786,-0.08573510717,0.0001558551112859491,56.27119906
OPT-350M,winogrande,11,key,0,-3.3456090913575376,3.7076355317679557,7.053244623125494,3.7076355317679557,wikitext,-0.14236169784197328,-0.03697709098,-0.6235478192503923,-0.081225046
OPT-350M,winogrande,11,key,1,-0.07075288527201928,0.11869237549020817,0.18944526076222745,0.11869237549020817,wikitext,-0.05271771842601525,-0.3075531739,-0.05495270750295428,-0.2248492812
OPT-350M,winogrande,11,key,2,0.023790704987607984,0.02394194177689285,0.00015123678928486567,0.02394194177689285,wikitext,-0.02520661779341965,-0.5128658503,0.00014993816893912187,115.4595871
OPT-350M,winogrande,12,key,0,-3.035847628502368,3.2431979762726915,6.279045604775059,3.2431979762726915,wikitext,-0.29611385883369135,-0.08366424679,-0.7448628615369968,-0.106046778
OPT-350M,winogrande,12,key,1,-0.07661138111526983,0.11541143476069209,0.19202281587596193,0.11541143476069209,wikitext,-0.028698196500389475,-0.1991414193,-0.043108414038710074,-0.1833376794
OPT-350M,winogrande,12,key,2,0.019239531225732864,0.01938622507789329,0.00014669385216042538,0.01938622507789329,wikitext,-0.007228998908143946,-0.2716114248,0.0001448541400039527,78.73739351
OPT-350M,winogrande,13,key,0,-3.2599567753551697,3.325946040104578,6.585902815459748,3.325946040104578,wikitext,-0.32704875156208857,-0.08952894001,-0.6594290772707483,-0.09101433682
OPT-350M,winogrande,13,key,1,-0.09936123601827644,0.10790613380679015,0.2072673698250666,0.10790613380679015,wikitext,-0.025134057627163753,-0.1889207867,-0.040550515120633734,-0.1636303011
OPT-350M,winogrande,13,key,2,0.005171417531387582,0.005333865192243219,0.00016244766085563717,0.005333865192243219,wikitext,-0.0038391746566796186,-0.4185280692,0.00016007362053607234,67.42666467
OPT-350M,winogrande,14,key,0,-3.0032210376381214,3.062707336473954,6.065928374112076,3.062707336473954,wikitext,-0.18810992859696807,-0.05786542683,-0.40895803989501633,-0.06316065082
OPT-350M,winogrande,14,key,1,-0.11000804103258188,0.0670418773190469,0.17704991835162878,0.11000804103258188,wikitext,-0.02571553290912912,-0.1894699068,-0.04341296188440846,-0.1969173307
OPT-350M,winogrande,14,key,2,-0.022801031535689815,-0.022662159769950934,0.00013887176573888077,0.022801031535689815,wikitext,-0.0027505141688203803,-0.1076457057,0.00013638274340953618,54.79370024
OPT-350M,winogrande,15,key,0,-2.95953855687648,2.9852151366416733,5.9447536935181535,2.9852151366416733,wikitext,-0.3712093979327946,-0.1105966763,-0.6705637931839741,-0.1013653229
OPT-350M,winogrande,15,key,1,-0.08928744851272691,0.09611734030466901,0.18540478881739592,0.09611734030466901,wikitext,-0.03328195255326538,-0.2572035118,-0.04150487568836647,-0.1829136532
OPT-350M,winogrande,15,key,2,0.004857867556288192,0.005004880977787177,0.00014701342149898555,0.005004880977787177,wikitext,-0.01091843308293804,-0.6856884843,0.0001450046181516616,72.18457613
OPT-350M,winogrande,16,key,0,-3.0036218367699288,2.896482833464878,5.900104670234807,3.0036218367699288,wikitext,-0.3397264566697875,-0.101612643,-0.6838520008644835,-0.1038664188
OPT-350M,winogrande,16,key,1,-0.12144066766198451,0.06657327171753219,0.18801393937951671,0.12144066766198451,wikitext,-0.013593338876136049,-0.1006660413,-0.03454404834765526,-0.1552136982
OPT-350M,winogrande,16,key,2,-0.02785683318019948,-0.0277111916064087,0.0001456415737907807,0.02785683318019948,wikitext,0.004079311086338664,0.1715616569,0.00014347720654787205,66.29060157
OPT-350M,winogrande,17,key,0,-2.994058152870955,2.9935186155781373,5.987576768449092,2.994058152870955,wikitext,-0.4055290590084777,-0.1192877352,-0.7370326065509083,-0.1096022929
OPT-350M,winogrande,17,key,1,-0.08562753100797899,0.10186585725153537,0.18749338825951434,0.10186585725153537,wikitext,-0.03218552655830505,-0.2400984283,-0.03882756835617712,-0.1715597572
OPT-350M,winogrande,17,key,2,0.008126010905125053,0.008273289442626905,0.00014727853750185274,0.008273289442626905,wikitext,-0.012565437476966637,-0.6029848908,0.00014554281642775377,83.85150045
OPT-350M,winogrande,18,key,0,-2.797121645619574,2.9942123063831887,5.791333952002763,2.9942123063831887,wikitext,-0.40761892145369094,-0.1198233816,-0.9875058086355359,-0.1456747531
OPT-350M,winogrande,18,key,1,-0.03937526904605182,0.1384127284940435,0.17778799754009533,0.1384127284940435,wikitext,0.016765766226756282,0.1378231393,-0.05033933997652701,-0.2206633388
OPT-350M,winogrande,18,key,2,0.049436224476032214,0.04957194580463509,0.00013572132860287245,0.04957194580463509,wikitext,0.042104224433694576,5.638162211,0.00013411580774573117,83.5341423
OPT-350M,winogrande,19,key,0,-3.188242249161405,3.2492639169790842,6.437506166140489,3.2492639169790842,wikitext,-0.6035729624535398,-0.1566567652,-1.1474478453843338,-0.151279473
OPT-350M,winogrande,19,key,1,-0.059352558620726865,0.13403450379525947,0.19338706241598633,0.13403450379525947,wikitext,-0.024033131815334507,-0.1520433435,-0.057712436143410845,-0.2298389144
OPT-350M,winogrande,19,key,2,0.036942100374361804,0.037096956910913914,0.00015485653655211012,0.037096956910913914,wikitext,0.004568272416570707,0.1404382774,0.00015260086006614604,67.6519266
OPT-350M,winogrande,20,key,0,-3.6424378453038675,3.5774844921566693,7.219922337460536,3.6424378453038675,wikitext,-1.138424300086203,-0.2381211308,-2.2991933540288247,-0.241534343
OPT-350M,winogrande,20,key,1,-0.10576359267863308,0.11456708298391871,0.2203306756625518,0.11456708298391871,wikitext,-0.07325497486182597,-0.390023279,-0.12136014534254572,-0.3551753161
OPT-350M,winogrande,20,key,2,0.003589444350518857,0.003762444973744646,0.0001730006232257891,0.003762444973744646,wikitext,-0.013536294033434126,-0.7825017782,0.00017085654692578552,79.6877177
OPT-350M,winogrande,21,key,0,-3.546989073599053,3.5834648776637725,7.130453951262826,3.5834648776637725,wikitext,-1.1910807783645967,-0.2494647374,-2.2621380256875288,-0.2408427867
OPT-350M,winogrande,21,key,1,-0.05731932798895953,0.1537452462910665,0.21106457428002603,0.1537452462910665,wikitext,-0.04934425808614981,-0.2429680364,-0.11089197907768675,-0.3444315015
OPT-350M,winogrande,21,key,2,0.047361348309475505,0.04753314818372478,0.0001717998742492774,0.04753314818372478,wikitext,0.005330367750989856,0.1263037102,0.000169689616187442,80.41178435
OPT-350M,winogrande,22,key,0,-3.9643003588693766,3.8991913106748224,7.863491669544199,3.9643003588693766,wikitext,-0.8880378503504813,-0.1830123565,-1.8018452098884232,-0.1864234255
OPT-350M,winogrande,22,key,1,-0.13233007176616762,0.1523451711026909,0.28467524286885854,0.1523451711026909,wikitext,-0.09074270567035872,-0.3732917778,-0.162625012007028,-0.3635701304
OPT-350M,winogrande,22,key,2,0.009472495237484444,0.0096935755451928,0.00022108030770835556,0.0096935755451928,wikitext,-0.009737207232850473,-0.5011227465,0.00021836132135945492,80.30982629
OPT-350M,winogrande,23,key,0,-3.2441845587509865,3.4011274787884767,6.645312037539464,3.4011274787884767,wikitext,-0.23675483504131067,-0.0650803997,-0.5911823108647916,-0.08169457232
OPT-350M,winogrande,23,key,1,-0.1325538593102555,0.10595993367159752,0.23851379298185305,0.1325538593102555,wikitext,-0.03865538132582605,-0.2257785922,-0.02802933160258847,-0.1051587117
OPT-350M,winogrande,23,key,2,-0.0142014943998257,-0.014014104453239652,0.00018738994658604874,0.0142014943998257,wikitext,-0.023657671522298633,-0.6248862315,0.0001860372170592317,137.5272834
OPT-350M,winogrande,0,value,0,-0.04495216375650528,0.04438332525312007,0.08933548900962535,0.04495216375650528,wikitext,-0.0034491480231933005,-0.07126145752,-0.006400534372466848,-0.06685607096
OPT-350M,winogrande,0,value,1,-0.0012756114694765447,0.0011056438617661137,0.0023812553312426584,0.0012756114694765447,wikitext,-0.0002810352698609164,-0.1805388871,-0.00019013808081304014,-0.07394359802
OPT-350M,winogrande,0,value,2,-7.734231903690377e-05,-7.549034109619911e-05,1.8519779407046597e-06,7.734231903690377e-05,wikitext,-0.00019620833678801448,-0.7172650937,1.8291506299396591e-06,80.12992195
OPT-350M,winogrande,1,value,0,-1.307949773702644,1.291093472523678,2.599043246226322,1.307949773702644,wikitext,-0.04608529943565398,-0.03403552858,-0.08869223692970651,-0.03299887116
OPT-350M,winogrande,1,value,1,-0.025239726174225843,0.029223043897910295,0.05446277007213614,0.029223043897910295,wikitext,-0.002245340756899101,-0.0713522725,-0.008255073490862533,-0.1316224064
OPT-350M,winogrande,1,value,2,0.0020484251588371296,0.0020919968363047586,4.357167746762893e-05,0.0020919968363047586,wikitext,0.002030885166290898,33.23236242,4.3186572280463106e-05,112.1422762
OPT-350M,winogrande,2,value,0,-1.4041307745905682,1.446534551968232,2.8506653265588002,1.446534551968232,wikitext,-0.01812912267715805,-0.01237766935,-0.06512174126034864,-0.02233418962
OPT-350M,winogrande,2,value,1,-0.022545309450650836,0.026194574706838558,0.048739884157489394,0.026194574706838558,wikitext,-0.012095895497616228,-0.3158983275,-0.022839528208146692,-0.3190795713
OPT-350M,winogrande,2,value,2,0.0016164506102699695,0.0016534152751657657,3.69646648957962e-05,0.0016534152751657657,wikitext,-0.0008392323693100765,-0.3366831133,3.634325476941443e-05,58.48513442
OPT-350M,winogrande,3,value,0,-1.4869670913082083,1.501845602925217,2.988812694233425,1.501845602925217,wikitext,-0.011590788918754757,-0.007658590068,-0.019865552663737684,-0.006602750787
OPT-350M,winogrande,3,value,1,-0.018786401003481557,0.028038675237473484,0.04682507624095504,0.028038675237473484,wikitext,-0.01321632877959212,-0.3203569869,-0.031146470121522787,-0.3994594384
OPT-350M,winogrande,3,value,2,0.004281932148485552,0.00431689151931016,3.495937082460734e-05,0.00431689151931016,wikitext,0.001989599418552588,0.8548988835,3.4437724500828264e-05,66.01738176
OPT-350M,winogrande,4,value,0,-1.5041205233820047,1.5128710475039464,3.016991570885951,1.5128710475039464,wikitext,-0.004817893098890469,-0.003174493119,-0.007249342234616485,-0.002397078289
OPT-350M,winogrande,4,value,1,-0.017280741197063684,0.030030272377694605,0.04731101357475829,0.030030272377694605,wikitext,-0.014934457093714968,-0.3321371499,-0.03672314187182859,-0.4370025697
OPT-350M,winogrande,4,value,2,0.005557434052675845,0.005591407241836343,3.397318916049854e-05,0.005591407241836343,wikitext,0.002713536046361083,0.9428969756,3.337249270499642e-05,55.55633365
OPT-350M,winogrande,5,value,0,-1.61980040203236,1.6055662520964877,3.2253666541288477,1.61980040203236,wikitext,0.07445604254654437,0.04818087444,0.1562454218593441,0.05090884655
OPT-350M,winogrande,5,value,1,-0.02666719974075233,0.028373134164426304,0.05504033390517864,0.028373134164426304,wikitext,-0.02164885580676164,-0.4327867768,-0.03879689009471056,-0.413448826
OPT-350M,winogrande,5,value,2,0.00018161972771503837,0.0002158603615523702,3.424063383733182e-05,0.0002158603615523702,wikitext,-0.0028286781025541963,-0.9290991511,3.343026430517308e-05,41.25311105
OPT-350M,winogrande,6,value,0,-1.426136188461918,1.5044839402870955,2.9306201287490135,1.5044839402870955,wikitext,0.09767293629773377,0.06942861267,0.12126452147950983,0.04316453252
OPT-350M,winogrande,6,value,1,-0.023360158292534038,0.0295654212572298,0.05292557954976384,0.0295654212572298,wikitext,-0.01338168507034112,-0.3115852549,-0.03076530725209787,-0.3676064196
OPT-350M,winogrande,6,value,2,0.0019757040109611816,0.002011571705764734,3.5867694803552556e-05,0.002011571705764734,wikitext,0.0008823198604252229,0.7813313426,3.5174420921058654e-05,50.73668836
OPT-350M,winogrande,7,value,0,-1.3503250326805445,1.3682719699585635,2.718597002639108,1.3682719699585635,wikitext,-0.009249085005975433,-0.006714296651,-0.008561131226139995,-0.003139213352
OPT-350M,winogrande,7,value,1,-0.019927304094008978,0.025078051656649256,0.045005355750658234,0.025078051656649256,wikitext,-0.02187161901323106,-0.465852448,-0.040320926939944594,-0.4725499069
OPT-350M,winogrande,7,value,2,0.0019060821164378803,0.001935792397398975,2.9710280961094734e-05,0.001935792397398975,wikitext,-0.0022982983670728502,-0.5428080065,2.9013625254783754e-05,41.64700725
OPT-350M,winogrande,8,value,0,-1.3240776995363062,1.328431765489345,2.652509465025651,1.328431765489345,wikitext,-0.032750914031931755,-0.02406063089,-0.04941041529349821,-0.01828715043
OPT-350M,winogrande,8,value,1,-0.018360240307019843,0.018009854191010075,0.036370094498029915,0.018360240307019843,wikitext,-0.027035198245728382,-0.5955487844,-0.04982842819146477,-0.5780659185
OPT-350M,winogrande,8,value,2,-0.0004434360701358497,-0.00041964697198032297,2.3789098155526755e-05,0.0004434360701358497,wikitext,-0.001801913594078805,-0.8025091249,2.3189247155979017e-05,38.65834544
OPT-350M,winogrande,9,value,0,-1.4502939707478295,1.4885271248520127,2.938821095599842,1.4885271248520127,wikitext,-0.014451044474228514,-0.009614939704,-0.05999456264483882,-0.02000608556
OPT-350M,winogrande,9,value,1,-0.018944458031898988,0.025015270230143487,0.043959728262042475,0.025015270230143487,wikitext,-0.025370333437852964,-0.5035234589,-0.05102179669917206,-0.537176011
OPT-350M,winogrande,9,value,2,0.0016243025225358585,0.0016515475845562725,2.724506202041394e-05,0.0016515475845562725,wikitext,-0.0012272460033650864,-0.426305661,2.6526424459292174e-05,36.91210409
OPT-350M,winogrande,10,value,0,-1.61886353406176,1.5802122385556432,3.1990757726174035,1.61886353406176,wikitext,-0.042871838278665475,-0.02579943774,-0.11848018926202908,-0.03571309441
OPT-350M,winogrande,10,value,1,-0.021374381049561894,0.015584706319253466,0.03695908736881536,0.021374381049561894,wikitext,-0.03154288298246381,-0.5960792486,-0.06847286838805519,-0.6494508036
OPT-350M,winogrande,10,value,2,-0.001736959582157933,-0.0017154918896841458,2.1467692473787136e-05,0.001736959582157933,wikitext,0.0015311422073806464,7.439324348,2.0701709379226805e-05,27.02632672
OPT-350M,winogrande,11,value,0,-1.4893761253206392,1.527234301006314,3.0166104263269533,1.527234301006314,wikitext,-0.11158301947240923,-0.06808752756,-0.2408765528397132,-0.07394551517
OPT-350M,winogrande,11,value,1,-0.01036034443290006,0.02530617777907952,0.03566652221197958,0.02530617777907952,wikitext,-0.03803446245806587,-0.600474866,-0.07498242434719596,-0.6776605352
OPT-350M,winogrande,11,value,2,0.003538146273959972,0.0035589559866672626,2.0809712707290425e-05,0.0035589559866672626,wikitext,-0.004215238094957086,-0.5422090124,2.010629335334529e-05,28.58365105
OPT-350M,winogrande,12,value,0,-1.7038761129883584,1.7129330172158643,3.4168091302042227,1.7129330172158643,wikitext,-0.13332418579832006,-0.07221322445,-0.2611122461255646,-0.07099451549
OPT-350M,winogrande,12,value,1,-0.013500201579803731,0.015528301789992045,0.029028503369795775,0.015528301789992045,wikitext,-0.04774156363831026,-0.7545703364,-0.09522500636812532,-0.7663767935
OPT-350M,winogrande,12,value,2,0.0004923894307513639,0.00051064870445956,1.8259273708196044e-05,0.00051064870445956,wikitext,-0.0006081892371633433,-0.5435901077,1.7293340280452834e-05,17.90324238
OPT-350M,winogrande,13,value,0,-1.6069994943764798,1.5826343756166141,3.189633869993094,1.6069994943764798,wikitext,-0.1340798495951514,-0.07700961479,-0.287655857400523,-0.08272415587
OPT-350M,winogrande,13,value,1,-0.01199362498150158,0.014446159188165943,0.026439784169667524,0.014446159188165943,wikitext,-0.05085929363209116,-0.7787909192,-0.08882251116776599,-0.7706120281
OPT-350M,winogrande,13,value,2,0.0008614484306010282,0.0008796415135158547,1.8193082914826596e-05,0.0008796415135158547,wikitext,-0.006497381456291439,-0.8807592823,1.7637618352877617e-05,31.7529138
OPT-350M,winogrande,14,value,0,-1.6701307530090765,1.6965210635359116,3.366651816544988,1.6965210635359116,wikitext,-0.1495906939995495,-0.08103013991,-0.31291101590182047,-0.08504026977
OPT-350M,winogrande,14,value,1,-0.010559255152870184,0.018767542790124617,0.029326797942994802,0.018767542790124617,wikitext,-0.046484666595956944,-0.7123845619,-0.09385751437692985,-0.7619274939
OPT-350M,winogrande,14,value,2,0.002431679425883124,0.002452402366082689,2.0722940199565266e-05,0.002452402366082689,wikitext,-0.0010273865460208422,-0.2952439277,1.9789979554038235e-05,21.21201966
OPT-350M,winogrande,15,value,0,-1.6369769571329913,1.63524735472573,3.2722243118587215,1.6369769571329913,wikitext,-0.16147716520743427,-0.08978664688,-0.30587991021574634,-0.08548658486
OPT-350M,winogrande,15,value,1,-0.013855448649827193,0.016466645057876938,0.030322093707704133,0.016466645057876938,wikitext,-0.0438068703593438,-0.7268013166,-0.08750605899619657,-0.742658329
OPT-350M,winogrande,15,value,2,0.0007552086083834436,0.0007766418411869089,2.1433232803465263e-05,0.0007766418411869089,wikitext,-0.000510084207465253,-0.3964202077,2.052690402049766e-05,22.64840796
OPT-350M,winogrande,16,value,0,-1.6389454974842146,1.602075831195738,3.2410213286799525,1.6389454974842146,wikitext,-0.1867415592533741,-0.1022856346,-0.36958649490160767,-0.1023612956
OPT-350M,winogrande,16,value,1,-0.018480049500619697,0.014117681236839144,0.03259773073745884,0.018480049500619697,wikitext,-0.04988733365817906,-0.7296949416,-0.08746513114474416,-0.7284944718
OPT-350M,winogrande,16,value,2,-0.001603390959744954,-0.0015802956182559644,2.3095341488989533e-05,0.001603390959744954,wikitext,-0.006377788071329515,-0.7991034967,2.208502162364778e-05,21.8594352
OPT-350M,winogrande,17,value,0,-1.6176306913476717,1.6090481945540647,3.2266788859017366,1.6176306913476717,wikitext,-0.17866252673743466,-0.09946178326,-0.3524018986727313,-0.09846156594
OPT-350M,winogrande,17,value,1,-0.015438724147492538,0.01753459620306411,0.03297332035055665,0.01753459620306411,wikitext,-0.0439182829248171,-0.7146659937,-0.08476501111276338,-0.7199440493
OPT-350M,winogrande,17,value,2,0.0008659133218646332,0.0008888332130594712,2.291989119483802e-05,0.0008888332130594712,wikitext,-0.0016344279687921794,-0.6477442686,2.2139958077032544e-05,28.38699572
OPT-350M,winogrande,18,value,0,-1.5515666621448303,1.562853011543015,3.1144196736878453,1.562853011543015,wikitext,-0.19468937542507003,-0.1107736444,-0.39367679129442434,-0.1122194886
OPT-350M,winogrande,18,value,1,-0.015470244325609214,0.022099013957059,0.037569258282668216,0.022099013957059,wikitext,-0.042196545107657316,-0.6562901967,-0.08039395093718994,-0.6815171567
OPT-350M,winogrande,18,value,2,0.0023180890384394068,0.0023430190692290418,2.4930030789634995e-05,0.0023430190692290418,wikitext,-0.002832516913998627,-0.5472895799,2.3862642647380986e-05,22.35610618
OPT-350M,winogrande,19,value,0,-1.494402685970797,1.475136580011839,2.969539265982636,1.494402685970797,wikitext,-0.17108656491572782,-0.1027245086,-0.33192072958473995,-0.1005375591
OPT-350M,winogrande,19,value,1,-0.025949624173737175,0.01866262807748218,0.044612252251219356,0.025949624173737175,wikitext,-0.03758667486216708,-0.5915779709,-0.06403119162067782,-0.589370047
OPT-350M,winogrande,19,value,2,-0.0021969919234820024,-0.0021693884573682804,2.7603466113722015e-05,0.0021969919234820024,wikitext,-0.006846016799675516,-0.7570507791,2.665317362113154e-05,28.04733682
OPT-350M,winogrande,20,value,0,-1.454855758558603,1.441916883509274,2.896772642067877,1.454855758558603,wikitext,-0.09278109871090057,-0.05995017389,-0.179399232932123,-0.05831898874
OPT-350M,winogrande,20,value,1,-0.015191014206305958,0.02403136436263689,0.039222378568942846,0.02403136436263689,wikitext,-0.030972133254827647,-0.5630938867,-0.05810337255306513,-0.5969989636
OPT-350M,winogrande,20,value,2,0.002370195305996649,0.0023932728884063937,2.3077582409744817e-05,0.0023932728884063937,wikitext,-0.00378569798959948,-0.6126745156,2.2185203650021846e-05,24.86074821
OPT-350M,winogrande,21,value,0,-1.4371319584895421,1.4719745060921468,2.909106464581689,1.4719745060921468,wikitext,-0.0884961831809028,-0.05671121142,-0.18271118834384303,-0.0590950725
OPT-350M,winogrande,21,value,1,-0.009731356327987226,0.037239947842159137,0.04697130417014636,0.037239947842159137,wikitext,-0.02284461831475576,-0.3802077601,-0.05287864024890285,-0.5295810684
OPT-350M,winogrande,21,value,2,0.009251979550886268,0.009283779734406023,3.180018351975518e-05,0.009283779734406023,wikitext,-0.0007436153381522245,-0.0741583764,3.11086005491696e-05,44.98173303
OPT-350M,winogrande,22,value,0,-1.293706374556038,1.3168178398776638,2.6105242144337018,1.3168178398776638,wikitext,-0.10207899079609506,-0.07194250392,-0.2062560382258729,-0.07322404296
OPT-350M,winogrande,22,value,1,-0.010916240966122454,0.02648458202334963,0.03740082298947209,0.02648458202334963,wikitext,-0.027537375049456223,-0.5097441215,-0.0559691141226733,-0.5994339919
OPT-350M,winogrande,22,value,2,0.004368511493881575,0.004391257887104881,2.274639322330605e-05,0.004391257887104881,wikitext,-0.0027845888383860413,-0.3880502113,2.209835123436442e-05,34.10018426
OPT-350M,winogrande,23,value,0,-1.4332430507596685,1.4207161509717838,2.8539592017314526,1.4332430507596685,wikitext,-0.12820420101338104,-0.0821060083,-0.25747973887138453,-0.08275262468
OPT-350M,winogrande,23,value,1,-0.023862421747823354,0.021948935577223973,0.045811357325047326,0.023862421747823354,wikitext,-0.029370190591494025,-0.5517330317,-0.05702790291154399,-0.5545343557
OPT-350M,winogrande,23,value,2,-0.0005769961540776158,-0.0005478268311356784,2.916932294193741e-05,0.0005769961540776158,wikitext,-0.0011966757468947911,-0.6746883379,2.821395771362284e-05,29.53211701
OPT-350M,hellaswag,0,key,0,-0.9428106317723253,0.9320130907296986,1.874823722502024,0.9428106317723253,wikitext,0.07487512645317629,0.08626807637,0.14682408265273295,0.08496765813
OPT-350M,hellaswag,0,key,1,-0.09939502901834366,0.09496661941769678,0.19436164843604042,0.09939502901834366,wikitext,0.06511751211896422,1.899714974,0.13442177022931392,2.242609999
OPT-350M,hellaswag,0,key,2,-0.0032393636969555535,-0.0031865747293568975,5.278896759865594e-05,0.0032393636969555535,wikitext,-0.0010666449328095174,-0.247710821,5.2099075539979115e-05,75.51772032
OPT-350M,hellaswag,1,key,0,-4.983542276435422,4.764378639151825,9.747920915587247,4.983542276435422,wikitext,-1.011193982429826,-0.168680312,-2.2328525773205534,-0.1863696512
OPT-350M,hellaswag,1,key,1,-0.1224272872044892,0.1832717422293405,0.3056990294338297,0.1832717422293405,wikitext,-0.007028083236085031,-0.03693163259,-0.016911162831241222,-0.05241980333
OPT-350M,hellaswag,1,key,2,0.03233080868822564,0.03240841262024891,7.760393202327354e-05,0.03240841262024891,wikitext,0.0028509478042028115,0.09645440913,7.60888749532368e-05,50.22178798
OPT-350M,hellaswag,2,key,0,-4.864809596462822,4.7191726865113965,9.583982282974219,4.864809596462822,wikitext,-0.5674266624024256,-0.1044554462,-1.2568311035506028,-0.1159351295
OPT-350M,hellaswag,2,key,1,-0.023285339861228525,0.3409633425998723,0.36424868246110087,0.3409633425998723,wikitext,0.12259080824703544,0.5613838233,0.025932542861145214,0.0766518053
OPT-350M,hellaswag,2,key,2,0.15702435513305285,0.15711618077340733,9.182564035448149e-05,0.15711618077340733,wikitext,0.1077780226326161,2.184476006,8.857908949011506e-05,27.28406028
OPT-350M,hellaswag,3,key,0,-4.452723720264043,4.528783550255325,8.981507270519367,4.528783550255325,wikitext,-0.5791785508085052,-0.1133874017,-1.1310259741614832,-0.1118439808
OPT-350M,hellaswag,3,key,1,-0.1129105600596276,0.20350942494103405,0.31641998500066165,0.20350942494103405,wikitext,0.016091670896264537,0.08585990681,0.0026633533794294117,0.008488596291
OPT-350M,hellaswag,3,key,2,0.04483089696456789,0.04490973629026785,7.883932569995727e-05,0.04490973629026785,wikitext,0.014231994989292673,0.4639192583,7.754070535421348e-05,59.71006508
OPT-350M,hellaswag,4,key,0,-4.506201542844688,4.275249972755013,8.781451515599702,4.506201542844688,wikitext,-0.8053011167297797,-0.1516145559,-1.7222331031946236,-0.1639646625
OPT-350M,hellaswag,4,key,1,-0.15028573332071632,0.09024523726613098,0.2405309705868473,0.15028573332071632,wikitext,-0.015251999392049631,-0.09213608971,-0.043675555066964744,-0.1536754125
OPT-350M,hellaswag,4,key,2,-0.029601205290588767,-0.029541318962086716,5.988632850205053e-05,0.029601205290588767,wikitext,0.006132700729834111,0.2613162127,5.7667852078068654e-05,25.99434975
OPT-350M,hellaswag,5,key,0,-4.016482000793997,4.403401731224312,8.41988373201831,4.403401731224312,wikitext,-0.8287292528182411,-0.1583922985,-1.9977802750738896,-0.1917685456
OPT-350M,hellaswag,5,key,1,-0.04667793337591174,0.16408179194414388,0.2107597253200556,0.16408179194414388,wikitext,0.019297743850172244,0.1332863952,-0.038625594382958595,-0.1548831921
OPT-350M,hellaswag,5,key,2,0.05868329470890191,0.05873554784195378,5.22531330518633e-05,0.05873554784195378,wikitext,0.038516326659205,1.904936214,5.008876580895466e-05,23.14245236
OPT-350M,hellaswag,6,key,0,-5.302664851631586,5.057893164621995,10.36055801625358,5.302664851631586,wikitext,-1.1256928611343717,-0.1751136,-2.2820062567960644,-0.1805018513
OPT-350M,hellaswag,6,key,1,-0.1393932392416358,0.1052950495250615,0.2446882887666973,0.1393932392416358,wikitext,-0.058835962054906765,-0.2968077441,-0.11014500301078495,-0.3104133844
OPT-350M,hellaswag,6,key,2,-0.01654868178623583,-0.016487386259615145,6.129552662068397e-05,0.01654868178623583,wikitext,-0.0041484046291564575,-0.2004342324,5.891472265348585e-05,24.74572601
OPT-350M,hellaswag,7,key,0,-5.108775999501806,5.354804556140242,10.463580555642048,5.354804556140242,wikitext,-0.6172422080441553,-0.1033552201,-1.32096620854235,-0.1120930855
OPT-350M,hellaswag,7,key,1,-0.17659920471396656,0.07734169142230508,0.25394089613627163,0.17659920471396656,wikitext,-0.012982916573710757,-0.06848175601,-0.10585399110885246,-0.2942064906
OPT-350M,hellaswag,7,key,2,-0.049931785287974643,-0.04986985311485611,6.193217311853405e-05,0.049931785287974643,wikitext,0.04018210854636784,4.121378545,5.9122300254546914e-05,21.04091648
OPT-350M,hellaswag,8,key,0,-4.919689173620625,4.918519196039357,9.838208369659982,4.919689173620625,wikitext,-0.7470051969467502,-0.131823802,-1.4545941569357623,-0.1288071897
OPT-350M,hellaswag,8,key,1,-0.13409338383467354,0.13627309833640164,0.2703664821710752,0.13627309833640164,wikitext,-0.06323827411483951,-0.3169657616,-0.12863202181828653,-0.3223872284
OPT-350M,hellaswag,8,key,2,0.0011407107682702609,0.001209058604511827,6.834783624156608e-05,0.001209058604511827,wikitext,0.0011051017631038887,10.63038996,6.528052203950769e-05,21.28263286
OPT-350M,hellaswag,9,key,0,-5.322471081392452,4.6351378596338275,9.95760894102628,5.322471081392452,wikitext,-0.1565847696713778,-0.02857878692,-0.7690920784772679,-0.07169884544
OPT-350M,hellaswag,9,key,1,-0.1619550227228056,0.09228006986028187,0.25423509258308746,0.1619550227228056,wikitext,-0.0037463361535241824,-0.02260896458,-0.045774776931540195,-0.1525775702
OPT-350M,hellaswag,9,key,2,-0.03490258930836776,-0.03484063138402344,6.195792434431774e-05,0.03490258930836776,wikitext,0.01922929686426038,1.226883052,5.9441847424436534e-05,23.62481328
OPT-350M,hellaswag,10,key,0,-3.6160191765786522,3.922161023710923,7.538180200289576,3.922161023710923,wikitext,-0.08943305873588514,-0.02229364609,-0.4455299060934026,-0.05580487019
OPT-350M,hellaswag,10,key,1,-0.10518927527240121,0.12922666442544214,0.23441593969784336,0.12922666442544214,wikitext,-0.015133167688919563,-0.1048294908,-0.029472372026447424,-0.1116850225
OPT-350M,hellaswag,10,key,2,0.011889498090369866,0.011946577662948892,5.707957257902567e-05,0.011946577662948892,wikitext,-0.0004727475771660102,-0.03806548005,5.430985887286757e-05,19.60847388
OPT-350M,hellaswag,11,key,0,-3.5174464246792874,3.8573436429661228,7.37479006764541,3.8573436429661228,wikitext,0.007346413356193793,0.001908160686,-0.30200237473047586,-0.03933965611
OPT-350M,hellaswag,11,key,1,-0.07935941912106699,0.1282102226839815,0.2075696418050485,0.1282102226839815,wikitext,-0.04319987123224192,-0.2520264136,-0.03682832646013323,-0.1506899862
OPT-350M,hellaswag,11,key,2,0.024155378978625672,0.024206754470587163,5.1375491961491715e-05,0.024206754470587163,wikitext,-0.024941805099725337,-0.5074778451,5.007687161574792e-05,38.56159483
OPT-350M,hellaswag,12,key,0,-3.1919996555455223,3.445640364226554,6.637640019772077,3.445640364226554,wikitext,-0.09367147087982897,-0.02646601239,-0.3862684465399795,-0.05499337703
OPT-350M,hellaswag,12,key,1,-0.09450155342036486,0.11076991596381087,0.20527146938417573,0.11076991596381087,wikitext,-0.033339715297270686,-0.2313496676,-0.02985976053049627,-0.1269918953
OPT-350M,hellaswag,12,key,2,0.008250644244416029,0.008302305381374381,5.1661136958352366e-05,0.008302305381374381,wikitext,-0.018312918604662852,-0.688061788,4.982142480187968e-05,27.08109778
OPT-350M,hellaswag,13,key,0,-3.416517516580521,3.5482499474560965,6.964767464036617,3.5482499474560965,wikitext,-0.10474484421057007,-0.02867369109,-0.28056442869387865,-0.03872347504
OPT-350M,hellaswag,13,key,1,-0.09000598576315641,0.13071026038909733,0.22071624615225374,0.13071026038909733,wikitext,-0.00232993104485657,-0.01751298626,-0.027101638793446597,-0.1093611093
OPT-350M,hellaswag,13,key,2,0.02063797054885853,0.02069392564778073,5.5955098922200186e-05,0.02069392564778073,wikitext,0.011520885798857893,1.255950698,5.358105860263536e-05,22.56956555
OPT-350M,hellaswag,14,key,0,-3.186062048511645,3.2050825036586126,6.391144552170258,3.2050825036586126,wikitext,-0.04573476141230959,-0.01406869648,-0.08374186183683463,-0.01293333295
OPT-350M,hellaswag,14,key,1,-0.13087883114384186,0.05977849491151217,0.19065732605535402,0.13087883114384186,wikitext,-0.004844742797869145,-0.03569566183,-0.02980555418068323,-0.1351953406
OPT-350M,hellaswag,14,key,2,-0.036115550674170514,-0.036068045839097555,4.7504835072958995e-05,0.036115550674170514,wikitext,0.01056400496966032,0.4134389791,4.501581274361441e-05,18.08574082
OPT-350M,hellaswag,15,key,0,-3.130615045849421,3.131178287302279,6.2617933331517,3.131178287302279,wikitext,-0.22524624727218878,-0.06710898605,-0.35352415355042766,-0.05344023991
OPT-350M,hellaswag,15,key,1,-0.09189003324253293,0.10591082423869723,0.19780085748123016,0.10591082423869723,wikitext,-0.02348846861923716,-0.1815192966,-0.029108807024532224,-0.128283681
OPT-350M,hellaswag,15,key,2,0.007480581192169113,0.007530557089271217,4.9975897102104254e-05,0.007530557089271217,wikitext,-0.008392756971454,-0.5270735061,4.79670937547803e-05,23.87844177
OPT-350M,hellaswag,16,key,0,-3.2137552154689253,3.0905063870033627,6.3042616024722875,3.2137552154689253,wikitext,-0.129593077970791,-0.03876146503,-0.279695068627003,-0.04248130457
OPT-350M,hellaswag,16,key,1,-0.11204265366902401,0.08788575982376386,0.19992841349278787,0.11204265366902401,wikitext,-0.02299135286909655,-0.1702634281,-0.02262957423438411,-0.101679452
OPT-350M,hellaswag,16,key,2,-0.013208912138713818,-0.013158153892231546,5.07582464822718e-05,0.013208912138713818,wikitext,-0.010568609955147,-0.44447903,4.859387923936316e-05,22.45177171
OPT-350M,hellaswag,17,key,0,-3.25633261069249,3.20059953566758,6.45693214636007,3.25633261069249,wikitext,-0.14325460118694266,-0.04213882223,-0.26767722863993004,-0.0398056175
OPT-350M,hellaswag,17,key,1,-0.101984013547813,0.10012561809023345,0.20210963163804646,0.101984013547813,wikitext,-0.03206737026202741,-0.2392170028,-0.024211324977645,-0.1069778307
OPT-350M,hellaswag,17,key,2,-0.0004413103519838319,-0.0003913140056409134,4.99963463429185e-05,0.0004413103519838319,wikitext,-0.02039741656760971,-0.9788225858,4.8260625268819525e-05,27.80436672
OPT-350M,hellaswag,18,key,0,-3.025076772481006,3.2712746859042223,6.296351458385228,3.2712746859042223,wikitext,-0.1305565419326573,-0.0383783125,-0.4824883022530706,-0.07117564647
OPT-350M,hellaswag,18,key,1,-0.03990120433427756,0.1586564210717594,0.19855762540603694,0.1586564210717594,wikitext,0.037009458804472165,0.304236605,-0.0295697121105854,-0.1296193277
OPT-350M,hellaswag,18,key,2,0.059208834466757225,0.059258777781372604,4.99433146153791e-05,0.059258777781372604,wikitext,0.05179105641043209,6.935322549,4.833779375823782e-05,30.10723501
OPT-350M,hellaswag,19,key,0,-3.3725860941586747,3.457057375996388,6.829643470155062,3.457057375996388,wikitext,-0.3957795034362359,-0.1027241785,-0.7553105413697603,-0.09958010823
OPT-350M,hellaswag,19,key,1,-0.06634323000388241,0.1462816765543265,0.21262490655820893,0.1462816765543265,wikitext,-0.011785959056267475,-0.07456275923,-0.038474592001188246,-0.1532244876
OPT-350M,hellaswag,19,key,2,0.0396139749481129,0.03966768049543473,5.37055473218348e-05,0.03966768049543473,wikitext,0.007138996001091524,0.2194677133,5.1449870835870715e-05,22.80906467
OPT-350M,hellaswag,20,key,0,-3.884900536337028,3.8415030183553367,7.726403554692364,3.884900536337028,wikitext,-0.8959616090530425,-0.1874058657,-1.7927121367969967,-0.1883275921
OPT-350M,hellaswag,20,key,1,-0.10322688971350923,0.1375697620661236,0.24079665177963283,0.1375697620661236,wikitext,-0.05025229577962109,-0.2675526845,-0.10089416922546468,-0.2952791325
OPT-350M,hellaswag,20,key,2,0.01693159153250921,0.016991790866685518,6.0199334176308517e-05,0.016991790866685518,wikitext,-0.0003069481404932538,-0.01774396043,5.8055257876304944e-05,27.07704846
OPT-350M,hellaswag,21,key,0,-3.751820792206377,3.7462306560592853,7.498051448265662,3.751820792206377,wikitext,-1.0227248638219923,-0.2142035991,-1.8945405286846926,-0.2017058266
OPT-350M,hellaswag,21,key,1,-0.05981666640009555,0.17394236998059767,0.23375903638069323,0.17394236998059767,wikitext,-0.029147134396618646,-0.1435186643,-0.08819751697701955,-0.2739422946
OPT-350M,hellaswag,21,key,2,0.057048129880988056,0.05710619157835561,5.8061697367550735e-05,0.05710619157835561,wikitext,0.01490341114562068,0.3531381343,5.5951439305715334e-05,26.51402704
OPT-350M,hellaswag,22,key,0,-4.134742612716403,4.0954601094470044,8.230202722163408,4.134742612716403,wikitext,-0.7175955965034548,-0.1478865581,-1.4351341572692142,-0.1484825801
OPT-350M,hellaswag,22,key,1,-0.1358166368593536,0.19352991159001745,0.32934654844937106,0.19352991159001745,wikitext,-0.04955796518303218,-0.203868518,-0.11795370642651548,-0.2637014067
OPT-350M,hellaswag,22,key,2,0.02829949658334827,0.02838080515227827,8.130856892999902e-05,0.02838080515227827,wikitext,0.008950022374234996,0.4606104899,7.858958258109838e-05,28.90400042
OPT-350M,hellaswag,23,key,0,-3.428954853110599,3.547595921814672,6.976550774925271,3.547595921814672,wikitext,-0.09028639201511535,-0.02481839274,-0.2599435734789841,-0.03592120175
OPT-350M,hellaswag,23,key,1,-0.15990704959171442,0.0991624834766452,0.2590695330683596,0.15990704959171442,wikitext,-0.011302191044367138,-0.06601390791,-0.007473591516081901,-0.02803895815
OPT-350M,hellaswag,23,key,2,-0.030645778443748294,-0.030580922018800166,6.485642494812732e-05,0.030645778443748294,wikitext,-0.007213387478376042,-0.1905321288,6.350369542131029e-05,46.94485791
OPT-350M,hellaswag,0,value,0,-0.04513032347583759,0.044559392763974734,0.08968971623981233,0.04513032347583759,wikitext,-0.0032709883038609874,-0.06758057134,-0.006046307142279869,-0.06315602976
OPT-350M,hellaswag,0,value,1,-0.0011446866824033326,0.0010677115886620291,0.002212398271065362,0.0011446866824033326,wikitext,-0.0004119600569341285,-0.2646458227,-0.00035899514099033657,-0.1396111304
OPT-350M,hellaswag,0,value,2,-3.259396074955216e-05,-3.203646244957017e-05,5.574982999819874e-07,3.259396074955216e-05,wikitext,-0.0002409566950753661,-0.8808485374,5.346709892169868e-07,23.42242565
OPT-350M,hellaswag,1,value,0,-1.3108278875793997,1.3001958963211484,2.6110237839005483,1.3108278875793997,wikitext,-0.04320718555889824,-0.03190994563,-0.07671169925548016,-0.02854138725
OPT-350M,hellaswag,1,value,1,-0.023211553423709657,0.028216865169911415,0.05142841859362107,0.028216865169911415,wikitext,-0.0032515194848979807,-0.1033265457,-0.011289424969377598,-0.1800033982
OPT-350M,hellaswag,1,value,2,0.0024194619860205472,0.0024326176048884104,1.3155618867863143e-05,0.0024326176048884104,wikitext,0.0023715059348745496,38.80610584,1.2770513680697318e-05,33.16110535
OPT-350M,hellaswag,2,value,0,-1.4056203245656371,1.4304044566960394,2.836024781261677,1.4304044566960394,wikitext,-0.03425921794935061,-0.02339050155,-0.07976228655747208,-0.02735531941
OPT-350M,hellaswag,2,value,1,-0.0263336673859627,0.026855261219826176,0.053188928605788874,0.026855261219826176,wikitext,-0.01143520898462861,-0.2986437336,-0.018390483759847212,-0.256924207
OPT-350M,hellaswag,2,value,2,0.0002438338670862435,0.0002568268214710505,1.2992954384806997e-05,0.0002568268214710505,wikitext,-0.002235820823004792,-0.8969662551,1.2371544258425228e-05,19.90882307
OPT-350M,hellaswag,3,value,0,-1.4809730011909952,1.4801218629343629,2.961094864125358,1.4809730011909952,wikitext,-0.03246339065297654,-0.02145011897,-0.04758338277180485,-0.01581537767
OPT-350M,hellaswag,3,value,1,-0.02309959336552945,0.03526073079994687,0.05836032416547632,0.03526073079994687,wikitext,-0.005994273217118734,-0.1452980883,-0.01961122219700151,-0.2515176768
OPT-350M,hellaswag,3,value,2,0.005827747486733101,0.005841634953240259,1.3887466507158178e-05,0.005841634953240259,wikitext,0.0035143428524826875,1.510056624,1.3365820183379104e-05,25.62237971
OPT-350M,hellaswag,4,value,0,-1.5127351582933741,1.4973372890459584,3.0100724473393328,1.5127351582933741,wikitext,-0.004953782309462751,-0.003264030051,-0.014168465781234652,-0.004684965976
OPT-350M,hellaswag,4,value,1,-0.02696111681215165,0.03769820271875778,0.06465931953090943,0.03769820271875778,wikitext,-0.00726652675265179,-0.1616050366,-0.019374835915677444,-0.2305590603
OPT-350M,hellaswag,4,value,2,0.004884986680565684,0.004899630083035882,1.4643402470198609e-05,0.004899630083035882,wikitext,0.002021758887560622,0.7025188934,1.4042706014696493e-05,23.37737452
OPT-350M,hellaswag,5,value,0,-1.5497783182448002,1.5506524931109105,3.100430811355711,1.5506524931109105,wikitext,0.005308133625094857,0.003434919597,0.03130957908620724,0.01020148007
OPT-350M,hellaswag,5,value,1,-0.04058681558829225,0.036557764739173035,0.07714458032746528,0.04058681558829225,wikitext,-0.009435174382895699,-0.1886205325,-0.016692643672423915,-0.1778893595
OPT-350M,hellaswag,5,value,2,-0.0017605834990750957,-0.001744074299736655,1.6509199338440774e-05,0.0017605834990750957,wikitext,-0.0012839549650314707,-0.4217240085,1.5698829806282035e-05,19.37243342
OPT-350M,hellaswag,6,value,0,-1.3851443303182214,1.4745278103204011,2.8596721406386223,1.4745278103204011,wikitext,0.06771680633103938,0.04813497061,0.05031653336911868,0.01791034686
OPT-350M,hellaswag,6,value,1,-0.030512240684586245,0.039461721918446026,0.06997396260303226,0.039461721918446026,wikitext,-0.0034853844091248948,-0.0811552793,-0.013716924198829444,-0.1638998548
OPT-350M,hellaswag,6,value,2,0.0037131909519964768,0.003728960143597786,1.576919160130915e-05,0.003728960143597786,wikitext,0.002599708298258275,2.302151029,1.5075917718815248e-05,21.74597673
OPT-350M,hellaswag,7,value,0,-1.3518553106317723,1.363808489148711,2.7156637997804833,1.363808489148711,wikitext,-0.013712565815827915,-0.009954523574,-0.011494334084764635,-0.004214766259
OPT-350M,hellaswag,7,value,1,-0.03214042778552016,0.03642308829893492,0.06856351608445507,0.03642308829893492,wikitext,-0.010526582370945399,-0.2242099299,-0.016762766606147755,-0.1964549032
OPT-350M,hellaswag,7,value,2,0.0018094990882678737,0.0018239637955824633,1.4464707314589551e-05,0.0018239637955824633,wikitext,-0.0024101269688893623,-0.5692194861,1.3768051608278572e-05,19.76306443
OPT-350M,hellaswag,8,value,0,-1.332554037512455,1.3386202798060156,2.6711743173184708,1.3386202798060156,wikitext,-0.022562399715261083,-0.01657558537,-0.030745563000678544,-0.01137915422
OPT-350M,hellaswag,8,value,1,-0.02924004613068885,0.03684718058019903,0.06608722671088788,0.03684718058019903,wikitext,-0.008548257972549198,-0.1883065402,-0.020111295978606808,-0.2333136967
OPT-350M,hellaswag,8,value,2,0.002493974660369079,0.0025070091843352638,1.3034523966184985e-05,0.0025070091843352638,wikitext,0.00026165952012060893,0.1165339743,1.2434672966637247e-05,20.72960281
OPT-350M,hellaswag,9,value,0,-1.468324394382862,1.4884991369177356,2.9568235313005977,1.4884991369177356,wikitext,-0.014479032408505565,-0.009633561354,-0.041992126944083275,-0.01400290372
OPT-350M,hellaswag,9,value,1,-0.03368098108954649,0.04123360732080096,0.07491458841034745,0.04123360732080096,wikitext,-0.00915199634719549,-0.1816391128,-0.02006693655086708,-0.211271998
OPT-350M,hellaswag,9,value,2,0.0027277335325975854,0.0027424585078362138,1.4724975238628382e-05,0.0027424585078362138,wikitext,-0.00013633508008514513,-0.04735840758,1.4006337677506617e-05,19.49012748
OPT-350M,hellaswag,10,value,0,-1.6313539931420475,1.6284303871123427,3.2597843802543904,1.6313539931420475,wikitext,-0.030381379198378022,-0.0182829226,-0.057771581625042145,-0.01741389815
OPT-350M,hellaswag,10,value,1,-0.038040711885966104,0.039376204663247094,0.0774169165492132,0.039376204663247094,wikitext,-0.013541059368778613,-0.2558911466,-0.028015039207657355,-0.2657167744
OPT-350M,hellaswag,10,value,2,0.00042050330513277004,0.00043369190439606,1.3188599263289948e-05,0.00043369190439606,wikitext,0.00022787452961877338,1.107168575,1.2422616168729616e-05,16.21787251
OPT-350M,hellaswag,11,value,0,-1.5340120335269025,1.5490429225308258,3.0830549560577283,1.5490429225308258,wikitext,-0.08977439794789754,-0.05477999093,-0.17443202310893824,-0.05354803388
OPT-350M,hellaswag,11,value,1,-0.027765014777668743,0.046478740897863406,0.07424375567553215,0.046478740897863406,wikitext,-0.016861899339281984,-0.2662098027,-0.036405190883643385,-0.3290152506
OPT-350M,hellaswag,11,value,2,0.005327319246639661,0.0053405701601872005,1.325091354753994e-05,0.0053405701601872005,wikitext,-0.002433623921437148,-0.3130387402,1.2547494193594806e-05,17.83785749
OPT-350M,hellaswag,12,value,0,-1.7331447185592852,1.7403261078979324,3.4734708264572176,1.7403261078979324,wikitext,-0.10593109511625198,-0.05737613099,-0.20445054987256972,-0.0555886135
OPT-350M,hellaswag,12,value,1,-0.041498822330879176,0.033889606403137505,0.07538842873401669,0.041498822330879176,wikitext,-0.02177104309742313,-0.3440981414,-0.04886508100390441,-0.3932692212
OPT-350M,hellaswag,12,value,2,-0.0019657499422868468,-0.0019539473703840274,1.1802571902819366e-05,0.0019657499422868468,wikitext,0.0008469120006639435,0.7569568113,1.0836638475076156e-05,11.2188254
OPT-350M,hellaswag,13,value,0,-1.661244930486362,1.6369546380698095,3.2981995685561714,1.661244930486362,wikitext,-0.07983441348526932,-0.04585340339,-0.17909015883744583,-0.05150280042
OPT-350M,hellaswag,13,value,1,-0.029650934969804282,0.03508966578717457,0.06474060075697885,0.03508966578717457,wikitext,-0.03021578703308253,-0.4626839832,-0.05052169458045466,-0.4383193518
OPT-350M,hellaswag,13,value,2,0.0016673936851592686,0.0016782434973418008,1.0849812182532224e-05,0.0016782434973418008,wikitext,-0.005698779472465492,-0.7725039621,1.0294347620583245e-05,18.53286119
OPT-350M,hellaswag,14,value,0,-1.7326294963958775,1.7439710492822893,3.476600545678167,1.7439710492822893,wikitext,-0.10214070825317179,-0.05532747833,-0.2029622867686416,-0.055159348
OPT-350M,hellaswag,14,value,1,-0.03062278033936064,0.033386615501838066,0.0640093958411987,0.033386615501838066,wikitext,-0.031865593884243495,-0.4883450566,-0.05917491647872594,-0.4803770494
OPT-350M,hellaswag,14,value,2,0.0007103704963738245,0.000721933953357316,1.1563456983491437e-05,0.000721933953357316,wikitext,-0.0027578549587462154,-0.7925351303,1.0630496337964406e-05,11.39436737
OPT-350M,hellaswag,15,value,0,-1.6950606055003736,1.6874737767000871,3.3825343822004608,1.6950606055003736,wikitext,-0.10339351684005194,-0.05749021649,-0.1955698398740071,-0.05465739054
OPT-350M,hellaswag,15,value,1,-0.030733757289858443,0.0287816473252599,0.05951540461511834,0.030733757289858443,wikitext,-0.0295397581273623,-0.4900951591,-0.05831274808878237,-0.4948965655
OPT-350M,hellaswag,15,value,2,-0.0003890608684080359,-0.0003777436070401221,1.1317261367913803e-05,0.0003890608684080359,wikitext,-0.000897665180244126,-0.6976350414,1.0410932584946201e-05,11.48692702
OPT-350M,hellaswag,16,value,0,-1.7216844553727115,1.6726226802839705,3.394307135656682,1.7216844553727115,wikitext,-0.10400260136487716,-0.05696628071,-0.21630068792487833,-0.0599070014
OPT-350M,hellaswag,16,value,1,-0.039399477499837014,0.019861044000608268,0.05926052150044528,0.039399477499837014,wikitext,-0.02896790565896174,-0.4237094404,-0.06080234038175773,-0.5064208818
OPT-350M,hellaswag,16,value,2,-0.006333832573602647,-0.0063219252492648335,1.1907324337813788e-05,0.006333832573602647,wikitext,-0.0016473464574718218,-0.2064038974,1.0897004472472036e-05,10.78569753
OPT-350M,hellaswag,17,value,0,-1.6783037222490347,1.6789115530420975,3.357215275291132,1.6789115530420975,wikitext,-0.11738166504300884,-0.06534660592,-0.2218655092833357,-0.06198952263
OPT-350M,hellaswag,17,value,1,-0.02827136873204142,0.028947588984377434,0.057218957716418856,0.028947588984377434,wikitext,-0.03250529014350377,-0.5289465783,-0.06051937374690118,-0.5140158944
OPT-350M,hellaswag,17,value,2,0.000598116829083797,0.0006092804769068671,1.1163647823070051e-05,0.0006092804769068671,wikitext,-0.0019139807049447836,-0.7585345182,1.0383714705264574e-05,13.31359634
OPT-350M,hellaswag,18,value,0,-1.6330816902011458,1.6393992918249471,3.272480982026093,1.6393992918249471,wikitext,-0.11814309514313792,-0.06722062354,-0.23561548295617651,-0.06716334209
OPT-350M,hellaswag,18,value,1,-0.027961442277238176,0.036106476692886726,0.0640679189701249,0.036106476692886726,wikitext,-0.028189082371829592,-0.4384296953,-0.05389529024973326,-0.4568821975
OPT-350M,hellaswag,18,value,2,0.002853089833054689,0.002865708974485959,1.2619141431270079e-05,0.002865708974485959,wikitext,-0.0023098270087417096,-0.4462971596,1.155175328901607e-05,10.82244858
OPT-350M,hellaswag,19,value,0,-1.5460919742106738,1.5343812274255824,3.080473201636256,1.5460919742106738,wikitext,-0.1193972766758511,-0.07168901067,-0.22098679393111986,-0.06693608108
OPT-350M,hellaswag,19,value,1,-0.03908643305620884,0.03493165674089628,0.07401808979710511,0.03908643305620884,wikitext,-0.024449865979695416,-0.3848172832,-0.03462535407479206,-0.3187063374
OPT-350M,hellaswag,19,value,2,-0.001524859584421606,-0.0015106820974066094,1.4177487014996673e-05,0.001524859584421606,wikitext,-0.007518149138735912,-0.8313769641,1.32271945224062e-05,13.91907715
OPT-350M,hellaswag,20,value,0,-1.4872530436542533,1.4978579358808692,2.9851109795351225,1.4978579358808692,wikitext,-0.04977892138863438,-0.03216447137,-0.0910608954648775,-0.02960201808
OPT-350M,hellaswag,20,value,1,-0.028925557242842594,0.044140744918992385,0.07306630216183498,0.044140744918992385,wikitext,-0.010862752698472151,-0.1974920354,-0.024259448960173,-0.2492603312
OPT-350M,hellaswag,20,value,2,0.0054219878065822165,0.00543563757015204,1.3649763569823815e-05,0.00543563757015204,wikitext,-0.0007433333078538332,-0.1203005035,1.2757384810100844e-05,14.29593059
OPT-350M,hellaswag,21,value,0,-1.474123733108108,1.5092840698561465,2.983407802964255,1.5092840698561465,wikitext,-0.051186619416903056,-0.03280203836,-0.10840984996127734,-0.0350634682
OPT-350M,hellaswag,21,value,1,-0.02425940101805029,0.051591429934286066,0.07585083095233636,0.051591429934286066,wikitext,-0.00849313622262883,-0.1413530423,-0.02399911346671285,-0.240351796
OPT-350M,hellaswag,21,value,2,0.010444316926075552,0.010460413874182997,1.609694810744515e-05,0.010460413874182997,wikitext,0.0004330188016247495,0.04318357844,1.540536513685957e-05,22.27551254
OPT-350M,hellaswag,22,value,0,-1.3298570027400674,1.3596371600214847,2.689494162761552,1.3596371600214847,wikitext,-0.05925967065227411,-0.04176460851,-0.1272860898980226,-0.04518850549
OPT-350M,hellaswag,22,value,1,-0.021415719951516088,0.047396771336777714,0.06881249128829381,0.047396771336777714,wikitext,-0.00662518573602814,-0.1226387583,-0.02455744582385158,-0.2630123419
OPT-350M,hellaswag,22,value,2,0.009208135293658161,0.009221984246166427,1.3848952508265303e-05,0.009221984246166427,wikitext,0.0020461375206755044,0.2851423113,1.320091051932367e-05,20.37045553
OPT-350M,hellaswag,23,value,0,-1.500593867737265,1.4905183066851413,2.9911121744224065,1.500593867737265,wikitext,-0.06085338403578455,-0.0389724238,-0.12032676618043059,-0.0386723855
OPT-350M,hellaswag,23,value,1,-0.03998995367713669,0.03999727234654504,0.07998722602368173,0.03999727234654504,wikitext,-0.013235339992772335,-0.2486321714,-0.022852034212909586,-0.2222111882
OPT-350M,hellaswag,23,value,2,-8.558426718142309e-05,-7.046990116056195e-05,1.511436602086114e-05,8.558426718142309e-05,wikitext,-0.0016880876337909837,-0.9517474077,1.4159000792546568e-05,14.82051091
